{
  "today": "2026-04-23",
  "todayCost": 3.6199999999999997,
  "allTimeCost": 3.6199999999999997,
  "countCalls": 36,
  "searchCalls": 36
}