{
  "today": "2026-04-23",
  "todayCost": 8.425000000000011,
  "allTimeCost": 8.425000000000011,
  "countCalls": 73,
  "searchCalls": 84
}